{"name": ["Grazioli", "Pressano", "Stazione RFI"], "address": ["Piazza Grazioli - Lavis", "Piazza della Croce - Pressano", "Via Stazione - Lavis"], "id": ["Grazioli - Lavis", "Pressano - Lavis", "Stazione RFI - Lavis"], "bikes": [3, 2, 4], "slots": [7, 5, 6], "totalSlots": [10, 7, 10], "position": [[46.139732902099794, 11.111516155225331], [46.15368174037716, 11.106601229430453], [46.148180371138814, 11.096753997622727]]}